{
  "roc_auc": 0.7828712750629037,
  "avg_precision": 0.5575816045010409,
  "f1": 0.5299910474485229,
  "precision": 0.4778046811945117,
  "recall": 0.5949748743718593,
  "brier_score": 0.17068976155784088
}