{
  "roc_auc": 0.7702085319608026,
  "avg_precision": 0.5165077163915012,
  "f1": 0.31832298136645965,
  "precision": 0.6996587030716723,
  "recall": 0.20603015075376885,
  "brier_score": 0.1560758166765067
}