{
  "roc_auc": 0.7836278396260906,
  "avg_precision": 0.5606439259942736,
  "f1": 0.5354260089686098,
  "precision": 0.4834008097165992,
  "recall": 0.6,
  "brier_score": 0.17128403492820674
}