{
  "roc_auc": 0.7850969541000294,
  "avg_precision": 0.5531979577628012,
  "f1": 0.5375302663438256,
  "precision": 0.5186915887850467,
  "recall": 0.5577889447236181,
  "brier_score": 0.1582944391263532
}