{
  "roc_auc": 0.7833352210410112,
  "avg_precision": 0.5542919558927265,
  "f1": 0.5334484246870954,
  "precision": 0.46747352496217853,
  "recall": 0.6211055276381909,
  "brier_score": 0.17381425201892853
}