{
  "roc_auc": 0.7849424010207958,
  "avg_precision": 0.5559888545356653,
  "f1": 0.5333333333333333,
  "precision": 0.4596363636363636,
  "recall": 0.6351758793969849,
  "brier_score": 0.17977452278137207
}